traj_idx,frame,x,y,z
0,0,101.0537111,38.9755544,0.0
0,1,101.1764325,39.0161643,0.0
0,2,100.9657071,39.4244543,0.0
0,3,100.9531242,39.2045066,0.0
0,4,100.5862702,39.4213802,0.0
0,5,100.6497881,39.042719,0.0
0,6,100.8248686,39.0661808,0.0
0,7,101.313128,38.8901174,0.0
0,8,101.2698554,38.794785,0.0
0,9,101.1579812,39.1323679,0.0
0,10,101.6108024,38.8665179,0.0
0,11,101.4891178,39.5471057,0.0
0,12,101.74456,39.3497856,0.0
0,13,101.8964187,39.5301355,0.0
0,14,101.7990464,39.0607966,0.0
0,15,101.8779173,39.1500522,0.0
0,16,101.0836375,39.8396497,0.0
0,17,101.0909249,39.9463672,0.0
0,18,101.4941975,39.7618999,0.0
0,19,100.4359347,39.8764008,0.0
0,20,100.1882152,39.1710728,0.0
0,21,100.6348242,39.1905922,0.0
0,22,100.3384999,39.1737619,0.0
0,23,100.6555562,39.1853934,0.0
0,24,100.502274,39.7441408,0.0
0,25,100.6964436,39.2963299,0.0
0,26,100.8717127,39.24063,0.0
0,27,100.3059368,39.466459,0.0
0,28,100.4233585,39.2042007,0.0
0,29,100.8232457,39.8473742,0.0
0,30,100.1681636,40.0113072,0.0
0,31,100.2480427,39.8867721,0.0
0,32,100.8485432,39.7654747,0.0
0,33,100.5874517,39.6936787,0.0
0,34,100.5870646,39.6572913,0.0
0,35,100.5885784,39.6006281,0.0
0,36,100.277428,39.0622361,0.0
0,37,101.093562,39.7293598,0.0
0,38,100.7609221,40.0944035,0.0
0,39,100.9495203,40.321867,0.0
0,40,101.1548133,40.009239,0.0
0,41,101.475704,39.8703621,0.0
0,42,101.3769104,40.1988606,0.0
0,43,101.0739825,40.1155577,0.0
0,44,101.6111071,40.1383913,0.0
0,45,100.3463099,40.0960368,0.0
0,46,100.5395889,41.0298441,0.0
0,47,100.9298039,40.6113837,0.0
0,48,100.942275,39.7065305,0.0
0,49,101.1235938,39.6111726,0.0
0,50,100.9664721,39.418992,0.0
0,51,100.8667003,39.7803659,0.0
0,52,100.9545176,39.5497603,0.0
0,53,100.9861439,39.9561125,0.0
0,54,100.9214887,39.8014748,0.0
0,55,100.5389374,39.7493671,0.0
0,56,100.8997733,40.1260454,0.0
0,57,100.7397032,40.1900006,0.0
0,58,100.3403698,40.1587691,0.0
0,59,100.0153247,40.0938211,0.0
0,60,100.1013159,39.9456424,0.0
0,61,99.9904806,39.8158464,0.0
0,62,100.6886669,39.275793,0.0
0,63,101.5249103,40.5287306,0.0
0,64,101.6647798,40.7168778,0.0
0,65,101.4645889,40.6152966,0.0
0,66,101.1583641,41.8450976,0.0
0,67,100.4694096,41.3413932,0.0
0,68,100.5638197,41.0031181,0.0
0,69,100.6335638,40.468857,0.0
0,70,101.363465,41.2119983,0.0
0,71,101.2971796,41.2621314,0.0
0,72,101.0498893,40.7723818,0.0
0,73,100.9638661,41.1023857,0.0
0,74,101.5072507,41.2560795,0.0
0,75,102.2259315,40.9044073,0.0
0,76,102.0176194,40.9961361,0.0
0,77,102.1440848,40.973134,0.0
0,78,102.2000124,40.9934455,0.0
0,79,101.2474328,40.5908903,0.0
0,80,101.2511235,40.084415,0.0
0,81,101.690225,40.1444456,0.0
0,82,101.3247363,40.655042,0.0
0,83,101.5533742,40.493927,0.0
0,84,101.7131744,39.9533596,0.0
0,85,101.6490216,40.1077428,0.0
0,86,101.5640238,39.8692591,0.0
0,87,101.7922722,40.0063708,0.0
0,88,101.3564141,40.1328783,0.0
0,89,101.3762627,39.7729953,0.0
0,90,101.5470118,39.8571156,0.0
0,91,101.9629356,40.0352196,0.0
0,92,101.7005005,40.4838494,0.0
0,93,101.4337869,40.3076011,0.0
0,94,101.7169574,40.2666822,0.0
0,95,101.882352,40.6935986,0.0
0,96,101.6161738,40.0726122,0.0
0,97,101.9243229,41.3093307,0.0
0,98,101.919819,40.8593181,0.0
0,99,101.9331386,40.2528842,0.0
0,100,101.7782427,40.3582946,0.0
0,101,101.9439634,40.5803885,0.0
0,102,101.8902143,40.3647135,0.0
0,103,102.0541472,40.7148447,0.0
0,104,102.0427716,40.6488516,0.0
0,105,102.2548606,40.576286,0.0
0,106,101.3555068,40.3503606,0.0
0,107,101.7672707,40.4212295,0.0
0,108,101.7391023,40.7172988,0.0
0,109,102.030287,40.7322439,0.0
0,110,101.5832945,40.6141676,0.0
0,111,102.12857,40.5524481,0.0
0,112,101.851648,40.6758426,0.0
0,113,101.971739,40.9650738,0.0
0,114,102.5675405,41.0499941,0.0
0,115,101.9775127,40.3068537,0.0
0,116,102.1901224,40.136334,0.0
0,117,101.8046801,40.2476549,0.0
0,118,102.5070776,40.664501,0.0
0,119,102.3253499,40.5515931,0.0
0,120,102.2572921,40.8045899,0.0
0,121,102.5523614,40.7273903,0.0
0,122,102.7740753,40.8351927,0.0
0,123,102.8721388,40.9948888,0.0
0,124,102.7042216,40.8756381,0.0
0,125,102.4854725,40.9244538,0.0
0,126,102.0560988,40.1997565,0.0
0,127,102.3614797,40.4571084,0.0
0,128,102.665322,40.401978,0.0
0,129,102.79772,40.7325232,0.0
0,130,102.877918,40.6096401,0.0
0,131,103.0964329,40.4354558,0.0
0,132,102.5732739,40.1521804,0.0
0,133,102.8519675,40.139227,0.0
0,134,102.5570307,39.5320025,0.0
0,135,102.6099637,39.8576762,0.0
0,136,102.7349549,39.9047869,0.0
0,137,102.4028362,40.1541872,0.0
0,138,102.5619064,40.1319601,0.0
0,139,102.0086533,40.0478713,0.0
0,140,102.011369,40.6007627,0.0
0,141,102.902158,40.7283326,0.0
0,142,102.7362816,40.306377,0.0
0,143,102.2034823,40.3400189,0.0
0,144,102.2155946,40.2779142,0.0
0,145,102.8171185,39.9455519,0.0
0,146,102.314567,40.3546142,0.0
0,147,102.933452,40.1776733,0.0
0,148,102.4843032,40.1606492,0.0
0,149,102.6113925,40.2449261,0.0
0,150,102.2338761,40.1505102,0.0
0,151,101.8959386,40.2609438,0.0
0,152,102.1055586,40.6885519,0.0
0,153,102.5793906,40.2612178,0.0
0,154,102.154193,40.5633775,0.0
0,155,101.9805208,40.5463587,0.0
0,156,101.9688773,40.3697853,0.0
0,157,102.239588,40.5677694,0.0
0,158,102.2126552,40.2608116,0.0
0,159,102.5386156,40.4061527,0.0
0,160,102.7023007,40.8090612,0.0
0,161,102.8298965,40.2708002,0.0
0,162,102.3333766,40.2771847,0.0
0,163,102.1747551,40.6366877,0.0
0,164,101.8269475,40.9525239,0.0
0,165,101.7318933,40.339051,0.0
0,166,101.9760066,40.6693831,0.0
0,167,102.2606155,40.5693408,0.0
0,168,102.3035064,40.1892784,0.0
0,169,102.2398945,40.6092664,0.0
0,170,101.9393899,40.7207893,0.0
0,171,102.401973,41.0226362,0.0
0,172,102.3351316,40.6784266,0.0
0,173,102.1991576,40.2663512,0.0
0,174,102.0489347,40.5591722,0.0
0,175,102.7375346,40.3785562,0.0
0,176,102.0722157,40.2468828,0.0
0,177,102.0963759,40.154463,0.0
0,178,101.7528104,40.2018422,0.0
0,179,102.151165,40.2483428,0.0
0,180,102.191139,40.5037616,0.0
0,181,102.1011048,40.5522986,0.0
0,182,102.3595664,40.5014698,0.0
0,183,102.046314,40.0847575,0.0
0,184,102.2616302,39.9956559,0.0
0,185,102.1622702,39.9789146,0.0
0,186,102.3098184,40.044791,0.0
0,187,101.8460303,40.505388,0.0
0,188,101.4891643,40.6316037,0.0
0,189,101.48038,40.7651388,0.0
0,190,101.4422586,40.6083887,0.0
0,191,101.808416,40.8489859,0.0
0,192,102.1277408,39.9082726,0.0
0,193,102.0722617,39.9884757,0.0
0,194,102.290842,40.2361545,0.0
0,195,102.1955469,40.6458867,0.0
0,196,102.3752356,39.8369543,0.0
0,197,101.8566681,39.7346899,0.0
0,198,102.2054069,40.2535505,0.0
0,199,102.2941847,39.9318491,0.0
0,200,102.2902958,40.1837675,0.0
0,201,102.4730268,40.0211478,0.0
0,202,102.2793298,40.3170084,0.0
0,203,102.2098029,40.2662678,0.0
0,204,102.3399819,40.0457292,0.0
0,205,102.7469587,40.1922158,0.0
0,206,102.6246855,39.9838088,0.0
0,207,102.2986419,39.8227274,0.0
0,208,102.7335754,40.0549096,0.0
0,209,101.9945135,39.883631,0.0
0,210,102.5916439,39.8686648,0.0
0,211,102.1380968,40.2061771,0.0
0,212,102.9219365,39.5314623,0.0
0,213,102.7648289,39.3212938,0.0
0,214,102.3652805,39.6001633,0.0
0,215,102.1277191,39.6752869,0.0
0,216,102.1187803,39.247354,0.0
0,217,102.4906003,39.2333216,0.0
0,218,102.2802013,39.9332193,0.0
0,219,102.0119595,39.5487913,0.0
0,220,102.1331961,38.9909589,0.0
0,221,102.3391214,39.1834686,0.0
0,222,102.0638457,39.441652,0.0
0,223,102.2253415,39.2848319,0.0
0,224,102.3687203,39.2956333,0.0
0,225,102.2743583,39.1426416,0.0
0,226,102.197374,39.2897636,0.0
0,227,102.1580524,39.1637024,0.0
0,228,102.0956004,39.3499326,0.0
0,229,101.7611695,39.2545577,0.0
0,230,101.6398296,39.3314418,0.0
0,231,101.3939762,38.9490035,0.0
0,232,101.9690156,38.9821816,0.0
0,233,101.2839406,38.9047995,0.0
0,234,101.4080767,39.1533999,0.0
0,235,101.8261243,39.0894925,0.0
0,236,101.7348849,39.4284701,0.0
0,237,101.3038123,39.5727004,0.0
0,238,101.8404735,39.9548863,0.0
0,239,101.9939893,39.9438912,0.0
0,240,101.6306697,39.8437478,0.0
0,241,101.8476532,39.7206886,0.0
0,242,101.6150004,39.7788282,0.0
0,243,101.5760159,39.5399877,0.0
0,244,101.6942083,39.3146887,0.0
0,245,101.3437535,39.7036992,0.0
0,246,101.1010007,39.8275939,0.0
0,247,101.3588164,39.0136676,0.0
1,0,64.0715723,141.7474065,0.0
1,1,64.4008783,141.3795459,0.0
1,2,63.9834732,141.2352586,0.0
1,3,64.1531458,141.8536811,0.0
1,4,64.373351,141.6936583,0.0
1,5,64.1444749,141.9823296,0.0
2,0,84.0844625,150.7773587,0.0
2,1,83.982372,151.0620325,0.0
2,2,83.2014676,150.8027092,0.0
2,3,83.4065669,150.8072097,0.0
2,4,83.774054,150.3062178,0.0
2,5,83.5007785,150.6700102,0.0
2,6,83.515944,150.6846616,0.0
2,7,83.129882,150.6685972,0.0
2,8,83.5357554,150.5824661,0.0
2,9,83.9571654,150.3908213,0.0
2,10,83.7413142,150.3162789,0.0
2,11,83.6259903,150.3525248,0.0
2,12,83.4780327,150.1832903,0.0
2,13,83.1456146,150.1801765,0.0
2,14,83.1405816,150.1407302,0.0
2,15,83.1282321,150.3410505,0.0
2,16,82.9112215,150.1833023,0.0
2,17,83.7001753,150.2558806,0.0
2,18,83.4277925,150.2217691,0.0
2,19,83.3057979,150.2833033,0.0
2,20,83.5836133,150.1257055,0.0
2,21,83.529477,150.6625065,0.0
2,22,83.0933762,150.2278045,0.0
2,23,83.199741,150.6774579,0.0
2,24,83.1422488,150.3944141,0.0
2,25,83.2938499,150.7463815,0.0
2,26,83.3999807,150.3735106,0.0
2,27,83.4598396,150.9195117,0.0
2,28,83.2168511,150.8223595,0.0
2,29,83.7629228,150.9581125,0.0
2,30,83.6554502,151.2143218,0.0
2,31,83.6582721,150.9905901,0.0
2,32,83.4983435,150.9552419,0.0
2,33,83.8659808,150.7081133,0.0
2,34,83.8580971,150.7908124,0.0
2,35,83.9826031,151.1974488,0.0
2,36,84.0189003,151.5680802,0.0
2,37,83.9014057,150.7033662,0.0
2,38,83.7488336,151.0922842,0.0
2,39,83.8312056,150.8866852,0.0
2,40,83.8294604,151.1776481,0.0
2,41,83.4567335,151.1087501,0.0
2,42,83.2018553,151.1615239,0.0
2,43,83.5960956,151.1247985,0.0
2,44,83.7491607,151.393287,0.0
2,45,83.5998678,151.095558,0.0
2,46,83.7386872,151.2753086,0.0
2,47,83.5941141,151.3068697,0.0
2,48,83.8688815,150.9492165,0.0
2,49,83.6402547,151.0647263,0.0
2,50,83.9473553,150.5127161,0.0
2,51,83.4028668,150.7977846,0.0
2,52,83.4291866,150.6635336,0.0
2,53,83.4659213,150.7877237,0.0
2,54,83.6685333,151.125411,0.0
2,55,83.6880137,150.8522843,0.0
3,0,28.7543518,67.0827396,0.0
3,1,28.7125796,67.4199106,0.0
3,2,28.81643,67.3496419,0.0
3,3,28.8487373,67.6953539,0.0
3,4,28.9207905,67.0353848,0.0
3,5,28.9493705,67.7265944,0.0
3,6,28.9861167,67.3523962,0.0
3,7,28.7734942,67.3717504,0.0
3,8,29.2052299,67.3123182,0.0
3,9,29.3125689,67.1909056,0.0
3,10,29.078104,67.2066742,0.0
3,11,29.1300962,67.1661849,0.0
3,12,29.0998197,67.1592971,0.0
3,13,29.1241684,67.332081,0.0
3,14,29.06934,67.0913896,0.0
3,15,29.1768151,67.3550879,0.0
3,16,29.2137751,67.1526473,0.0
3,17,28.9500655,67.3219143,0.0
3,18,29.1779162,67.217142,0.0
3,19,28.8940787,67.2617239,0.0
3,20,28.9538947,67.2267526,0.0
3,21,28.989898,67.8497233,0.0
3,22,28.9310262,66.9928992,0.0
3,23,28.9554575,67.2762426,0.0
3,24,29.1271251,67.2365877,0.0
3,25,29.1211306,67.588323,0.0
3,26,29.79662,67.6888907,0.0
3,27,29.2359588,67.4080767,0.0
3,28,28.9285864,67.976406,0.0
3,29,29.0059817,67.7285513,0.0
3,30,29.182215,67.6517159,0.0
3,31,29.2739228,67.6728966,0.0
3,32,29.0009894,67.6331091,0.0
3,33,28.9862651,67.5894282,0.0
3,34,28.9855851,67.7614975,0.0
3,35,29.2208424,67.3872655,0.0
3,36,29.0905202,67.5597225,0.0
3,37,29.0138523,67.3103099,0.0
3,38,29.2695666,67.5841814,0.0
3,39,29.0243155,67.741088,0.0
3,40,28.9237342,67.7383535,0.0
3,41,29.0222297,67.872662,0.0
3,42,29.0551237,67.6516368,0.0
3,43,29.250898,67.7527403,0.0
4,0,53.2603044,79.7574227,0.0
4,1,53.751171,79.3721399,0.0
4,2,53.8246141,79.1093083,0.0
4,3,53.4588031,79.4162417,0.0
4,4,53.9443014,79.4262282,0.0
4,5,53.2491679,79.187247,0.0
4,6,54.1040641,79.1897119,0.0
4,7,54.1158229,79.0989493,0.0
4,8,53.0533318,78.8886714,0.0
4,9,53.677963,79.8528544,0.0
4,10,53.9487412,78.9823342,0.0
4,11,53.7368412,78.7966379,0.0
4,12,53.700784,79.1448044,0.0
4,13,53.6060274,78.8015802,0.0
4,14,54.027588,78.0208984,0.0
4,15,53.9030221,78.457752,0.0
4,16,53.5298737,78.4149965,0.0
4,17,53.8489618,78.7936376,0.0
4,18,53.9091965,79.091816,0.0
4,19,53.7647687,79.0912085,0.0
4,20,53.7772487,78.74421,0.0
4,21,53.812462,79.1290415,0.0
4,22,53.9701298,79.374337,0.0
4,23,54.099409,79.090586,0.0
4,24,53.9530084,78.8667181,0.0
4,25,54.0254144,78.4088926,0.0
4,26,54.7414497,78.2969864,0.0
4,27,54.3231958,78.5182084,0.0
4,28,54.5428846,78.1056353,0.0
4,29,54.2381658,78.2500211,0.0
4,30,54.8071597,78.6191145,0.0
4,31,54.7892245,78.5260504,0.0
4,32,54.7853117,78.2345072,0.0
4,33,54.4627099,78.2279647,0.0
4,34,55.0016995,78.3071106,0.0
4,35,54.8366174,78.6623575,0.0
4,36,53.9991774,78.1479229,0.0
4,37,54.8055237,78.2686223,0.0
4,38,54.3313323,78.3288197,0.0
4,39,55.0645691,78.8441147,0.0
4,40,55.0186151,78.81822,0.0
4,41,54.8450227,78.2461947,0.0
4,42,55.0071018,78.8103775,0.0
4,43,55.2333041,78.7009689,0.0
4,44,54.9529042,78.2247217,0.0
4,45,54.7929187,78.3464646,0.0
4,46,54.3764953,78.3209981,0.0
4,47,54.2562306,78.1445259,0.0
4,48,54.3406391,78.6406395,0.0
4,49,54.8973178,78.8438805,0.0
4,50,54.1959767,78.0606484,0.0
4,51,54.6891211,77.8397165,0.0
4,52,54.4247509,77.9896293,0.0
4,53,53.9064996,78.5946062,0.0
4,54,54.0743396,77.886801,0.0
4,55,53.7669223,78.0678462,0.0
4,56,53.9008626,77.8688007,0.0
4,57,53.7045897,78.036296,0.0
4,58,54.2429378,77.8858008,0.0
4,59,54.0715994,77.9770846,0.0
4,60,54.0132083,77.8460714,0.0
4,61,53.9436708,78.0703327,0.0
4,62,54.1066306,78.1529899,0.0
4,63,54.0167685,78.037562,0.0
4,64,54.3564788,78.0792908,0.0
4,65,54.0710278,77.8455632,0.0
4,66,53.9874959,78.0909079,0.0
4,67,54.114889,78.1371429,0.0
4,68,54.0544191,78.6373597,0.0
4,69,54.1466168,78.7791061,0.0
4,70,54.1354906,78.6455386,0.0
4,71,54.2609124,78.4007772,0.0
4,72,54.3216227,78.9329578,0.0
4,73,54.8489235,78.8376303,0.0
4,74,54.8433074,78.9207251,0.0
4,75,54.6848768,78.8253353,0.0
4,76,54.7869508,78.919909,0.0
4,77,54.9488,79.7150238,0.0
4,78,54.6325565,78.2328411,0.0
4,79,54.5824784,78.6678901,0.0
4,80,54.7877623,78.5360651,0.0
4,81,53.9321503,78.1490114,0.0
4,82,54.3886189,78.7162326,0.0
4,83,54.2264899,78.1791359,0.0
4,84,54.2352583,77.9219304,0.0
4,85,54.5025159,78.4147295,0.0
4,86,54.5416986,78.3228898,0.0
4,87,54.8562883,78.3639881,0.0
4,88,54.915829,79.0390205,0.0
4,89,55.0480719,78.8924755,0.0
4,90,54.8886502,78.8133909,0.0
4,91,55.0247968,78.4574437,0.0
4,92,54.9234414,78.5011385,0.0
4,93,55.114091,78.8558069,0.0
4,94,54.888415,78.7253942,0.0
4,95,54.1447143,78.6364288,0.0
4,96,54.1781867,78.7373662,0.0
4,97,54.6583311,78.959022,0.0
4,98,54.7132611,78.9165559,0.0
4,99,54.7672219,79.214938,0.0
4,100,54.4881067,79.217845,0.0
4,101,54.8733776,79.3357258,0.0
4,102,55.2582626,79.0505488,0.0
4,103,54.8532491,78.819867,0.0
4,104,54.7325791,78.5320335,0.0
4,105,53.9457713,78.4693212,0.0
4,106,54.0687896,78.9298877,0.0
4,107,54.6879814,78.9843989,0.0
4,108,54.2903319,79.1622959,0.0
4,109,54.6128091,78.2462491,0.0
4,110,54.1472159,78.7551928,0.0
4,111,54.124155,79.2344152,0.0
4,112,53.9897437,79.0422099,0.0
4,113,53.9735178,79.0746652,0.0
4,114,54.7202248,78.5087247,0.0
4,115,54.0728477,78.8288421,0.0
4,116,53.9025536,78.8546337,0.0
4,117,53.9752835,79.0281192,0.0
4,118,54.0663555,78.8403161,0.0
4,119,53.26049,78.807513,0.0
4,120,53.6602359,78.6728225,0.0
4,121,53.905924,78.3732447,0.0
4,122,53.3572672,78.2172371,0.0
4,123,53.6362052,78.3611287,0.0
4,124,53.296083,78.7232601,0.0
4,125,53.2263166,78.6488574,0.0
4,126,53.130661,78.7216169,0.0
4,127,53.1512961,78.8406782,0.0
4,128,53.8466059,78.8645125,0.0
4,129,53.6591712,78.5784102,0.0
4,130,53.7026031,79.2586581,0.0
4,131,53.8427113,78.6737965,0.0
4,132,53.7716113,78.7140445,0.0
4,133,53.1872864,79.0221356,0.0
4,134,53.3673753,78.5311865,0.0
4,135,53.6708434,78.7846551,0.0
4,136,53.1515377,79.1185562,0.0
4,137,53.4913561,78.8416937,0.0
4,138,53.8231389,79.0854671,0.0
4,139,53.7648591,79.178832,0.0
4,140,53.1958105,78.4319613,0.0
4,141,53.7473369,78.6559849,0.0
4,142,53.7337304,78.4306993,0.0
4,143,52.9788938,78.7320031,0.0
4,144,53.0969194,78.6561146,0.0
4,145,53.2896411,78.3571666,0.0
4,146,53.0892489,78.4512248,0.0
4,147,53.0955538,78.1229964,0.0
4,148,53.0281249,78.035562,0.0
4,149,53.3502251,77.6568732,0.0
4,150,53.7523267,78.070293,0.0
4,151,53.8693084,78.2322421,0.0
4,152,53.7540477,78.5293186,0.0
4,153,54.0930163,78.836748,0.0
4,154,54.0152851,78.3585575,0.0
4,155,53.8242875,78.2206956,0.0
4,156,53.961275,78.7689267,0.0
4,157,53.9943289,78.0658169,0.0
4,158,54.1404574,79.0031883,0.0
4,159,54.2694193,78.5615769,0.0
4,160,54.0006178,78.269732,0.0
4,161,53.7373392,78.6164073,0.0
4,162,54.07005,78.8270082,0.0
4,163,53.7544893,78.9608137,0.0
4,164,53.0512242,78.1549962,0.0
4,165,53.7298691,77.7859439,0.0
4,166,53.7062016,78.1205366,0.0
4,167,53.656464,78.2438454,0.0
4,168,53.3302626,78.6870121,0.0
4,169,53.1136045,78.0561909,0.0
4,170,53.593805,78.3149614,0.0
4,171,53.6618804,78.1308441,0.0
4,172,53.0250205,78.9000748,0.0
4,173,53.5676281,78.936626,0.0
4,174,54.0090459,79.1331036,0.0
4,175,53.8008749,79.1639954,0.0
4,176,53.8484698,79.4139199,0.0
4,177,53.7691627,79.8125234,0.0
4,178,53.5549546,79.2606796,0.0
4,179,53.6397105,78.8518903,0.0
4,180,53.6582269,79.163587,0.0
4,181,53.8483664,78.7451507,0.0
4,182,53.9293751,78.3798291,0.0
4,183,53.7708659,78.6741155,0.0
4,184,53.8199126,78.6726841,0.0
4,185,53.8210505,78.337885,0.0
4,186,54.05923,78.2261999,0.0
4,187,53.5940791,78.0766114,0.0
4,188,53.9943385,79.1376248,0.0
4,189,54.0961348,79.1211167,0.0
4,190,54.0664795,78.3334654,0.0
4,191,54.0487626,78.7799979,0.0
4,192,54.7028164,79.6725514,0.0
4,193,54.147663,78.6520787,0.0
4,194,53.9548998,78.8897469,0.0
4,195,54.1036986,79.1632251,0.0
4,196,54.1814987,79.1566554,0.0
4,197,53.9122482,79.3463171,0.0
4,198,54.0349774,78.7986424,0.0
4,199,53.9936091,78.7450206,0.0
4,200,55.0434598,78.4876913,0.0
4,201,55.1278566,78.6401242,0.0
4,202,54.1087115,78.5997262,0.0
4,203,55.1075086,77.9049399,0.0
4,204,54.9908408,78.3692601,0.0
4,205,54.7431019,77.9046057,0.0
4,206,54.7270305,78.0747715,0.0
4,207,54.1288538,78.1744026,0.0
4,208,53.9605759,78.0731453,0.0
4,209,54.4623026,78.7374834,0.0
4,210,54.1092147,78.212895,0.0
4,211,54.7959553,78.0617345,0.0
4,212,54.3426374,78.7776291,0.0
4,213,54.7144089,79.1398352,0.0
4,214,54.814238,79.9846118,0.0
4,215,54.4487452,79.9121167,0.0
4,216,54.8465876,80.0803597,0.0
4,217,55.0219772,80.0862308,0.0
4,218,54.7692279,79.6866977,0.0
4,219,54.8532074,80.1086723,0.0
4,220,54.6206223,79.8619031,0.0
4,221,54.9695591,79.8535203,0.0
4,222,54.9684892,79.1506298,0.0
4,223,54.7062805,79.4777438,0.0
4,224,54.8793799,79.2827922,0.0
4,225,54.954607,79.365508,0.0
4,226,55.0791599,79.8561145,0.0
4,227,55.0809426,79.1129009,0.0
4,228,55.0943079,79.2964204,0.0
4,229,54.8642588,79.3923813,0.0
4,230,55.1265211,79.9315887,0.0
4,231,54.6710615,80.0319022,0.0
4,232,55.7597028,80.0763822,0.0
4,233,55.4498044,79.3627059,0.0
4,234,55.3929141,79.8943255,0.0
4,235,54.7805945,79.6132163,0.0
4,236,54.7997153,79.3800817,0.0
4,237,54.1659485,79.7807183,0.0
4,238,54.4546128,79.0429684,0.0
4,239,53.8427381,79.029826,0.0
4,240,54.3667326,79.621871,0.0
4,241,54.4461516,79.0510913,0.0
4,242,54.3708933,79.1189955,0.0
4,243,54.3430552,79.1041362,0.0
4,244,54.295852,79.0733417,0.0
4,245,54.2873008,78.9716052,0.0
4,246,54.140281,78.8256133,0.0
4,247,53.9145661,79.0625451,0.0
5,0,127.6668544,72.9682962,0.0
5,1,127.9708941,73.7358138,0.0
5,2,128.3296445,73.7905732,0.0
5,3,128.2404033,73.193425,0.0
5,4,128.2623319,72.7501138,0.0
5,5,127.9427354,73.5006274,0.0
5,6,128.3716849,72.9492438,0.0
5,7,128.4799713,73.1645314,0.0
5,8,128.8896896,73.1364996,0.0
5,9,129.1515312,73.6162103,0.0
5,10,128.9325703,73.7933182,0.0
5,11,130.0492619,73.2591078,0.0
5,12,130.095913,73.5574845,0.0
5,13,128.9213846,73.0653595,0.0
5,14,129.0797059,73.2497712,0.0
5,15,129.5346966,73.9454338,0.0
5,16,129.2003944,74.0537819,0.0
5,17,129.4273602,73.5482848,0.0
5,18,132.0006206,69.7502429,0.0
5,19,129.1632089,74.0681768,0.0
6,0,88.2004711,117.3623808,0.0
6,1,88.2571483,117.4279043,0.0
6,2,88.0249908,117.1539631,0.0
6,3,88.1626748,117.9479051,0.0
6,4,88.5817295,117.2444167,0.0
6,5,87.9464516,117.9151121,0.0
6,6,88.1399352,117.8682398,0.0
6,7,88.2909862,117.4122505,0.0
6,8,88.2557849,117.1740927,0.0
6,9,88.5660511,117.0094633,0.0
6,10,88.2404711,118.005761,0.0
6,11,88.4826997,117.6451893,0.0
6,12,88.093094,117.6256604,0.0
6,13,88.2326781,117.7958183,0.0
6,14,88.123864,117.3688966,0.0
6,15,88.0822873,117.8275239,0.0
6,16,88.0965372,117.3197958,0.0
6,17,88.4798041,117.0572154,0.0
6,18,87.9316049,117.2970422,0.0
6,19,87.7947479,118.0713568,0.0
6,20,87.9081078,117.9304506,0.0
6,21,88.0562959,118.2156078,0.0
6,22,87.9148973,117.9238324,0.0
6,23,80.7939367,120.1317305,0.0
6,24,80.1514185,119.8464646,0.0
6,25,87.837789,118.0164175,0.0
6,26,87.8475629,117.864458,0.0
6,27,87.8565215,118.014268,0.0
6,28,87.7023482,117.6238685,0.0
6,30,87.6641737,117.8761917,0.0
6,31,88.2362631,118.0678763,0.0
6,32,87.9614971,117.0572026,0.0
6,33,87.769125,117.8974976,0.0
6,34,87.9769978,117.7265915,0.0
6,35,87.9697348,117.5278107,0.0
6,36,87.8843729,117.999352,0.0
6,37,87.5592366,117.4198983,0.0
6,38,87.9591796,117.6690156,0.0
6,39,88.0570027,117.8538424,0.0
6,40,88.0096014,117.8282252,0.0
6,41,88.0474985,117.7944825,0.0
7,0,79.2107243,128.703861,0.0
7,1,79.5681218,128.6974773,0.0
7,2,79.9976509,129.7602861,0.0
7,3,79.8262896,130.7263195,0.0
7,4,79.849498,130.0015935,0.0
7,5,79.8459938,129.3462045,0.0
7,6,80.0359427,129.79844,0.0
7,7,80.1237932,129.9219613,0.0
7,8,80.001433,129.8923524,0.0
7,9,80.0878023,130.0721808,0.0
7,10,80.0472994,130.102768,0.0
7,11,80.2141847,130.0211849,0.0
7,12,79.7757321,130.1012504,0.0
7,13,80.0177539,130.8713613,0.0
7,14,79.667073,129.2147926,0.0
7,15,79.9134131,129.9938263,0.0
7,16,79.974649,130.060717,0.0
7,17,79.3718308,129.4423164,0.0
7,18,79.8354879,130.8195232,0.0
7,19,79.7482195,129.9565823,0.0
7,20,79.9944911,129.8859506,0.0
7,21,79.9434034,130.094704,0.0
7,22,79.2716724,129.067339,0.0
7,23,79.3449372,129.8954067,0.0
7,24,79.3374308,129.8577111,0.0
7,25,79.6639145,130.7374688,0.0
7,26,79.241651,128.9961117,0.0
7,27,79.9018651,129.9337512,0.0
7,28,79.5016966,130.1511921,0.0
7,29,79.9591892,130.3204411,0.0
7,30,79.9761031,131.0855445,0.0
7,31,79.7709018,131.1356831,0.0
7,32,80.7098693,130.1958878,0.0
7,33,80.0917267,130.9102276,0.0
7,34,79.9928354,130.602603,0.0
7,35,80.045626,130.6006767,0.0
7,36,79.9341126,130.7879486,0.0
7,37,79.9074818,130.8001638,0.0
7,38,79.8627506,130.2001077,0.0
7,39,79.6319971,130.9344106,0.0
7,40,79.5517459,130.861097,0.0
8,1,57.1958822,87.7416757,0.0
8,2,56.8292689,87.1661998,0.0
8,3,57.8864959,87.8257508,0.0
8,4,57.0743104,87.7611589,0.0
8,5,56.9492908,87.7596506,0.0
8,6,56.9235434,86.9836632,0.0
8,7,57.0458722,86.9767534,0.0
8,11,57.9350014,87.2255434,0.0
8,12,56.7544673,87.1441099,0.0
8,13,57.6222527,87.2215134,0.0
8,16,58.2681161,87.5510781,0.0
8,19,56.8083861,87.0935912,0.0
8,20,57.8803823,87.1134422,0.0
8,21,57.8210671,87.9941967,0.0
9,0,125.9472033,92.7699594,0.0
9,1,125.1699113,92.2260839,0.0
9,4,125.6878135,92.2646916,0.0
9,5,125.0958827,92.1792123,0.0
9,8,124.947946,92.957832,0.0
9,9,125.0097736,92.0891207,0.0
9,11,125.6415373,92.2690058,0.0
9,12,125.2070804,93.2102508,0.0
9,14,125.8076,92.9287798,0.0
9,15,125.8949017,92.8942215,0.0
9,16,125.3868499,93.2936289,0.0
9,17,126.0026581,93.2075375,0.0
9,19,125.2854957,93.6379736,0.0
9,20,126.0110875,92.9023534,0.0
9,22,125.9327119,93.8685482,0.0
9,24,126.0694113,93.5165975,0.0
9,25,126.0686537,93.192951,0.0
9,26,125.9370363,92.842317,0.0
9,29,126.0237058,92.7489206,0.0
9,31,126.3651823,92.3851895,0.0
9,33,125.8669609,92.9493585,0.0
9,34,125.8692687,92.9771093,0.0
9,35,125.9137076,93.1043471,0.0
9,36,125.7749593,93.1611691,0.0
9,37,125.7826733,92.7925415,0.0
9,38,125.6639097,92.1883843,0.0
9,39,125.0433929,92.7862479,0.0
9,41,125.4065915,92.8089463,0.0
9,42,124.9631299,92.6715553,0.0
9,43,125.9523979,93.2314288,0.0
9,44,125.4161745,92.8676818,0.0
9,45,125.0336531,93.0351588,0.0
9,46,124.998012,93.0597518,0.0
9,47,125.412855,92.9968691,0.0
9,49,124.8249981,92.8262084,0.0
9,50,125.2481268,92.5051004,0.0
9,52,124.9461778,92.9072403,0.0
9,53,125.7428945,92.7307719,0.0
9,54,125.6620261,92.2960021,0.0
9,56,125.0399911,93.020379,0.0
9,57,125.0771896,93.8048727,0.0
9,58,125.1237621,93.1413835,0.0
9,60,125.394507,92.2167736,0.0
9,62,125.3375663,93.1468158,0.0
9,63,124.9595507,93.2536033,0.0
9,64,125.8138933,92.8244259,0.0
9,66,124.8824911,93.6254302,0.0
9,69,126.2717118,92.1093629,0.0
9,70,125.2544674,92.9944095,0.0
9,71,125.7462318,92.2378173,0.0
9,73,125.9744768,91.4848292,0.0
9,74,125.3577925,91.8888265,0.0
9,75,125.2382426,92.1479388,0.0
9,76,125.6206719,91.8878452,0.0
9,77,125.6810882,92.0327398,0.0
9,80,125.8369233,92.9287432,0.0
9,81,125.822111,92.3134002,0.0
9,84,126.0997948,92.1219471,0.0
9,85,125.8829277,92.7767911,0.0
9,86,126.0060313,92.1460718,0.0
9,87,125.9098543,92.0273699,0.0
9,88,126.0854933,92.2598379,0.0
9,89,125.546183,92.2118874,0.0
9,90,125.8779631,92.03721,0.0
9,92,126.177601,92.6611875,0.0
9,93,126.2901236,92.8915896,0.0
9,95,126.316278,93.0125636,0.0
9,96,126.8266206,93.0745706,0.0
9,97,126.1542154,92.9733874,0.0
9,100,126.7523644,92.9646287,0.0
9,101,126.2006775,92.8453099,0.0
9,102,126.5123009,92.9710045,0.0
9,103,126.722103,93.0596687,0.0
9,104,126.7503826,92.6911249,0.0
9,107,126.300186,92.9594695,0.0
9,109,126.172074,92.9564544,0.0
9,110,126.669092,93.1616332,0.0
9,111,126.1583634,93.2456115,0.0
9,112,126.4950781,92.7961984,0.0
9,115,126.9756799,93.2957672,0.0
9,116,126.0091458,92.9022573,0.0
10,0,55.7124779,47.7009674,0.0
10,1,55.7652899,47.147673,0.0
10,2,55.8527595,48.0871606,0.0
10,5,55.7467302,47.9503124,0.0
10,6,55.6478154,47.8046184,0.0
10,7,55.8938118,48.0976828,0.0
10,8,55.892827,47.9129095,0.0
10,9,55.2926807,48.0469254,0.0
10,10,56.8039777,48.0393494,0.0
10,11,56.1195553,47.2287614,0.0
10,12,56.2090026,47.791329,0.0
10,13,56.0317105,47.4808246,0.0
10,14,55.9066378,47.956631,0.0
10,15,56.086895,48.2142172,0.0
10,16,56.0700226,47.8613149,0.0
10,17,55.9455864,47.0916464,0.0
10,18,55.7002485,47.7188409,0.0
10,19,55.7718056,48.4913149,0.0
10,21,55.2558131,47.9104373,0.0
10,22,55.8040488,48.5246737,0.0
10,23,55.6581284,48.2574133,0.0
10,26,56.6822132,48.2859829,0.0
10,28,55.8117374,48.3187263,0.0
10,29,56.094192,47.9336387,0.0
10,30,56.676344,47.8761728,0.0
10,32,56.9781175,48.8939205,0.0
10,33,56.9404433,48.6772564,0.0
10,37,56.6364029,48.8888287,0.0
10,38,55.194064,48.2961234,0.0
10,40,56.2084856,48.8991276,0.0
10,41,56.0741937,48.298758,0.0
11,0,116.1161498,62.0743696,0.0
11,2,118.9093061,62.0722363,0.0
11,3,117.9441972,56.3052437,0.0
11,4,119.7589774,57.9741011,0.0
11,5,122.6111995,59.13527,0.0
19,6,110.7477305,142.9615721,0.0
19,8,110.805069,142.8097768,0.0
19,9,110.7244841,143.0512094,0.0
19,10,110.0535837,142.7058186,0.0
20,6,118.5032071,45.0196628,0.0
20,8,117.7286673,44.7058365,0.0
20,9,118.0190387,44.0140764,0.0
41,13,117.8311411,44.6559362,0.0
41,14,117.9687577,44.7157574,0.0
41,15,117.5825915,44.6465368,0.0
41,16,118.2598842,44.8970627,0.0
41,17,117.612997,45.0003755,0.0
41,18,117.6206298,44.8878741,0.0
41,19,117.6120423,44.1261937,0.0
41,20,117.7579035,44.5619911,0.0
41,21,117.8834532,44.9902841,0.0
42,13,109.894727,142.7643668,0.0
42,14,109.9762119,142.471647,0.0
42,15,109.9483531,142.1191896,0.0
42,16,110.1316244,142.1786799,0.0
42,18,110.6461894,143.0759305,0.0
42,19,110.2470513,142.7140238,0.0
42,20,110.2134691,142.9105523,0.0
42,21,109.9433912,142.9074902,0.0
42,22,109.9626446,143.1715004,0.0
42,23,110.5338224,142.8639915,0.0
42,24,109.7389486,142.6929382,0.0
42,25,109.9178804,142.7740558,0.0
42,26,109.8167613,142.7315793,0.0
42,27,109.7813557,142.9192641,0.0
42,28,109.8355738,142.8713146,0.0
42,29,109.9632328,142.9860738,0.0
42,30,109.9936153,142.8380736,0.0
42,31,109.7985369,143.0558079,0.0
42,32,109.137895,143.1827367,0.0
42,33,109.8570438,142.970567,0.0
42,34,109.7626284,142.5305927,0.0
42,35,110.0403001,142.9489189,0.0
42,36,109.8594327,143.1806785,0.0
42,37,110.2600125,143.20226,0.0
42,38,110.28522,143.269715,0.0
42,40,110.5680158,143.0691723,0.0
42,41,110.8722786,143.3398927,0.0
42,42,109.8899567,143.1170699,0.0
42,43,110.5185339,142.7948097,0.0
42,44,109.4894131,143.1097752,0.0
42,45,109.9859277,142.7502217,0.0
42,46,109.9715039,142.5738473,0.0
42,47,109.9621398,142.2336477,0.0
42,48,109.9818519,142.2216198,0.0
42,49,109.2137423,141.8234616,0.0
42,50,109.5304613,142.3361457,0.0
42,51,109.8076609,142.875358,0.0
42,52,109.7105089,142.0807262,0.0
42,53,109.2051933,142.3422738,0.0
42,54,109.1577295,142.0325428,0.0
42,55,109.7888002,142.2966616,0.0
42,56,108.6212883,142.5979129,0.0
42,57,109.2685758,142.2295782,0.0
42,58,109.084256,142.5958707,0.0
42,59,109.7795636,142.5755298,0.0
42,60,109.3554194,142.6815978,0.0
42,61,109.1201275,142.3466528,0.0
42,62,109.2978744,142.1490759,0.0
42,63,109.0703783,142.3009414,0.0
42,64,109.1280398,142.6313628,0.0
42,65,109.2168222,142.4499251,0.0
42,66,109.4329232,142.1867844,0.0
42,67,108.7924124,142.5728521,0.0
42,68,109.5859038,142.1754913,0.0
42,69,109.2856876,142.811061,0.0
42,70,109.5406754,143.2184633,0.0
42,71,109.3769182,142.9976454,0.0
42,72,109.0281716,142.7316981,0.0
42,73,109.1048333,142.8540136,0.0
43,15,106.5172098,53.8779946,0.0
43,16,106.3258003,53.9790589,0.0
43,17,106.2655079,53.8642381,0.0
43,18,106.2015064,53.4777718,0.0
43,19,106.8059039,53.7992789,0.0
43,20,107.012054,53.8301833,0.0
43,21,106.6417669,53.2535217,0.0
43,22,106.7393778,53.7989118,0.0
43,23,106.6950001,53.2242543,0.0
43,24,106.1834465,53.1578255,0.0
43,25,106.3071807,53.2405052,0.0
43,26,106.2660554,53.8973503,0.0
43,27,106.6435927,53.8038474,0.0
43,28,106.2262618,53.6155508,0.0
43,29,106.5957665,53.2756665,0.0
43,30,105.9759482,53.4895336,0.0
43,31,106.1511434,53.5108559,0.0
43,32,106.2870882,53.6035281,0.0
43,33,106.5732338,53.9843757,0.0
43,34,106.7625927,53.7310218,0.0
43,35,106.8159096,53.8978056,0.0
43,36,106.7129806,53.8300052,0.0
43,37,106.7917715,53.5987669,0.0
43,38,106.525942,53.6576336,0.0
43,39,106.6541709,53.7709309,0.0
43,40,106.3110989,52.879585,0.0
43,41,106.5906038,53.2546072,0.0
43,42,106.732077,53.7074,0.0
43,43,106.7770553,52.3846041,0.0
43,44,107.0641795,53.1885389,0.0
43,45,106.3910864,52.8651549,0.0
43,46,106.8143801,53.0684716,0.0
43,47,106.3845274,53.2562095,0.0
43,48,106.1113171,53.4417764,0.0
43,50,106.8683257,53.3790454,0.0
43,51,106.9870911,53.1258543,0.0
43,52,106.8437839,53.7622963,0.0
43,53,107.08068,54.2218738,0.0
43,54,106.7167065,53.8649404,0.0
43,55,106.8834857,53.7317118,0.0
43,56,106.4981647,53.7913353,0.0
43,57,106.0279868,53.8618191,0.0
43,58,106.848218,53.2547569,0.0
43,59,106.2270702,53.2617759,0.0
43,62,106.2150135,56.2779095,0.0
43,63,105.1693391,59.8432412,0.0
44,14,79.8170785,121.8759168,0.0
44,15,80.2060872,119.8525807,0.0
44,17,80.1810712,120.4034192,0.0
45,13,82.0467292,42.2982124,0.0
45,14,81.0602504,41.8916325,0.0
45,17,76.3159675,42.091873,0.0
59,22,91.7143913,129.9880686,0.0
59,23,90.9609199,129.1037828,0.0
59,24,91.2152483,130.036225,0.0
59,25,91.3282589,129.8891343,0.0
59,26,91.0085824,130.5400239,0.0
59,27,90.9348332,129.8854152,0.0
72,25,117.4548021,44.2308051,0.0
72,26,117.7701403,44.8698284,0.0
72,27,117.9317212,44.9758797,0.0
73,25,81.1752406,120.492809,0.0
73,27,80.2822425,120.2519346,0.0
73,28,79.4896295,120.3272478,0.0
80,29,128.7832793,73.681168,0.0
80,30,128.9918262,73.7336788,0.0
80,31,128.8016681,73.8424467,0.0
80,32,128.9349238,74.1403822,0.0
80,33,128.8674562,74.386648,0.0
80,34,129.2651582,73.9160726,0.0
80,35,129.2772164,74.1121821,0.0
80,36,129.1148765,73.7919243,0.0
80,37,129.7250762,73.7105927,0.0
80,38,129.0646801,73.3133295,0.0
80,39,128.8714526,73.9003377,0.0
80,40,128.7504868,73.9929998,0.0
80,42,129.1746537,72.8952527,0.0
87,32,81.0540058,119.8175214,0.0
87,33,80.8952996,119.8369241,0.0
87,34,80.3181506,120.0747012,0.0
98,36,69.2406758,91.8263271,0.0
98,37,69.3809808,91.9176725,0.0
98,38,70.0284582,91.7510323,0.0
107,40,100.2682145,32.5425809,0.0
107,41,100.1363606,32.8464382,0.0
107,43,99.9609,32.5225974,0.0
126,46,99.1877651,32.8399223,0.0
126,47,99.3495173,32.6021831,0.0
126,49,99.2010541,32.9201747,0.0
126,50,99.2828888,32.4095279,0.0
126,52,99.8497051,32.7621249,0.0
126,53,100.1343411,33.1029872,0.0
126,54,99.8441653,32.2230206,0.0
126,57,99.3102695,32.3333183,0.0
126,58,99.9533188,32.9546032,0.0
126,59,99.772315,32.7936705,0.0
126,60,99.8054574,32.1445515,0.0
126,61,99.8992513,31.9048579,0.0
126,62,99.977373,32.8628355,0.0
126,63,100.2459798,32.0912538,0.0
126,65,99.130309,32.0810458,0.0
126,66,99.6066169,33.0253969,0.0
126,67,98.9674861,32.9840541,0.0
126,68,99.5777288,33.157424,0.0
126,69,99.8974145,32.2397195,0.0
126,70,100.0118634,31.9030117,0.0
126,73,99.9149056,32.6695349,0.0
126,74,99.530762,32.9861832,0.0
126,75,99.6628884,32.1632418,0.0
126,76,99.3472666,32.4451803,0.0
126,77,99.8285832,32.0922844,0.0
126,78,98.8338021,32.1219911,0.0
126,79,89.3809169,33.2230814,0.0
126,80,89.377035,33.1326819,0.0
126,81,89.7239479,32.9180318,0.0
126,82,89.4377737,33.2577694,0.0
126,83,89.3317024,32.8759638,0.0
126,84,89.4157693,32.9854045,0.0
126,85,89.1325616,32.9399847,0.0
126,86,89.2049627,33.0626076,0.0
126,87,89.4761091,32.9856687,0.0
126,88,89.6912616,32.8320995,0.0
126,89,89.6658136,32.8811016,0.0
126,90,89.9461201,33.1884414,0.0
126,91,89.3540551,32.8598042,0.0
126,92,89.1177764,33.2695893,0.0
126,93,89.684509,33.4126772,0.0
126,94,89.5976243,33.1961667,0.0
126,95,89.7810611,33.1076011,0.0
126,96,89.6068377,33.2006435,0.0
126,97,89.7648867,33.0950923,0.0
126,98,90.0535996,33.4798263,0.0
126,99,89.9337474,33.8060318,0.0
126,100,89.8424761,33.556566,0.0
126,101,89.4323667,33.5995681,0.0
126,102,89.9024842,33.1537706,0.0
126,103,89.8703837,33.7613412,0.0
126,104,90.1163943,33.2844099,0.0
126,105,89.9448056,33.7418317,0.0
126,106,90.1094764,33.2006179,0.0
126,107,90.1527066,32.9844572,0.0
126,108,89.7155292,32.9742641,0.0
126,109,89.7809121,32.7742184,0.0
126,110,89.8311042,32.741909,0.0
126,111,89.6010547,32.8155278,0.0
126,112,89.4459167,32.9003817,0.0
126,113,89.5436077,33.1447101,0.0
126,114,89.6049468,33.38927,0.0
126,115,89.4143848,33.6089288,0.0
126,116,99.0388595,31.9464108,0.0
126,119,99.1249753,32.054411,0.0
126,121,98.3083929,32.1239598,0.0
138,52,128.7821524,74.2072483,0.0
138,53,128.2111445,74.0175207,0.0
138,54,128.7803846,73.9245382,0.0
138,55,129.0161954,74.1618982,0.0
138,56,128.356163,73.8837679,0.0
138,57,128.8893456,73.8191447,0.0
138,58,128.8933932,73.3751426,0.0
138,59,128.6953971,73.8453003,0.0
138,60,129.0497508,73.9470214,0.0
138,61,128.6225252,73.1888489,0.0
138,62,128.6147232,73.2462363,0.0
138,63,129.0085418,73.8346345,0.0
138,64,128.9047687,73.8967322,0.0
138,65,129.1325272,73.4107596,0.0
138,66,128.7370061,73.5641159,0.0
138,67,128.7669173,73.9169173,0.0
138,68,128.9466199,74.4904247,0.0
138,69,129.0183189,74.0878208,0.0
138,72,128.7856964,73.28174,0.0
138,73,128.9263673,73.7472549,0.0
138,74,129.0302761,73.3815407,0.0
139,51,62.9877469,115.7548286,0.0
139,53,65.6181196,118.1587164,0.0
139,54,67.3735308,118.9974045,0.0
139,55,67.1701337,118.2622145,0.0
139,57,70.0309516,113.6199328,0.0
139,58,69.6236503,114.7009264,0.0
139,59,70.1064513,113.9922732,0.0
139,60,68.2158562,110.1419742,0.0
139,62,68.0000841,107.5728105,0.0
139,65,72.0115348,109.2140674,0.0
139,66,73.4102063,108.925874,0.0
139,67,73.1797918,108.2204652,0.0
139,68,72.1777517,108.775234,0.0
139,69,72.8137412,109.9687327,0.0
139,70,72.163884,109.9998858,0.0
139,71,69.2455946,111.3188226,0.0
139,72,65.7762684,107.9889421,0.0
139,73,66.1239582,107.9295856,0.0
139,74,68.3124139,110.8832653,0.0
139,75,65.0222471,112.0925381,0.0
139,76,69.093415,114.2771377,0.0
139,78,68.032403,113.052504,0.0
140,53,52.245524,70.1124114,0.0
140,54,52.1102239,70.3200714,0.0
140,55,52.1432508,70.8130237,0.0
140,57,52.1748009,70.6051039,0.0
140,58,53.0539562,69.9424172,0.0
140,60,52.0500387,70.1159661,0.0
140,61,52.7844602,70.9336551,0.0
140,62,51.2770369,69.9221552,0.0
140,64,52.3026211,70.5512477,0.0
140,65,52.0373821,69.2108126,0.0
140,66,52.3336395,70.0322647,0.0
140,67,52.8704397,70.0144852,0.0
140,68,52.1147068,69.3113519,0.0
140,69,52.0662993,69.851999,0.0
140,71,52.0356261,69.2237015,0.0
140,72,51.9868944,69.9717917,0.0
140,73,51.1837792,69.9318725,0.0
140,74,52.8587124,70.142046,0.0
140,75,52.9676912,70.7132179,0.0
140,76,53.0892275,70.9074422,0.0
140,77,52.4851132,69.9415061,0.0
140,78,53.0440148,70.2788633,0.0
159,65,29.2174331,125.5453924,0.0
159,66,29.2615233,125.3316898,0.0
159,67,29.5560993,125.5884859,0.0
159,68,29.1501963,125.1568569,0.0
159,69,29.9485604,125.7864842,0.0
159,70,29.7133006,125.6628994,0.0
159,71,29.7408518,125.6275092,0.0
159,72,29.48885,125.5501043,0.0
159,73,29.2280702,125.180887,0.0
159,74,29.6436215,125.6967109,0.0
159,75,29.1046822,125.6757667,0.0
159,76,30.5171781,125.8494809,0.0
159,77,29.287281,125.7399681,0.0
159,78,28.9808072,125.2359176,0.0
159,79,28.0958932,125.151557,0.0
159,80,29.5105628,125.6470817,0.0
159,81,29.048472,125.3906784,0.0
159,82,29.9369288,125.4851374,0.0
159,83,29.6469952,125.2224289,0.0
159,84,29.1595756,125.2869766,0.0
159,85,29.1204582,125.6960689,0.0
159,86,29.1208289,126.1035453,0.0
159,87,29.1862576,125.1873298,0.0
159,88,29.2198666,125.6842783,0.0
159,89,29.2750009,125.6816767,0.0
159,90,29.050251,125.2071154,0.0
159,91,29.0817219,125.2690589,0.0
159,92,29.5061793,125.8204852,0.0
159,93,30.1573738,125.1665321,0.0
159,94,29.3024741,125.290118,0.0
159,95,28.9044183,125.2705083,0.0
159,96,29.081362,125.8650213,0.0
159,97,30.1845366,125.8748246,0.0
159,98,30.464422,125.75499,0.0
159,99,29.8894576,125.7645398,0.0
159,100,29.1597886,125.7955911,0.0
159,101,29.9220205,126.052438,0.0
159,102,29.6045926,125.8118081,0.0
159,103,29.2997495,125.8155295,0.0
159,104,29.6886385,125.9583451,0.0
159,105,29.7556428,125.8977018,0.0
159,106,29.8233537,125.3508809,0.0
159,107,30.3976945,125.8254789,0.0
159,108,29.1918617,125.5962159,0.0
159,109,29.7394986,126.0297989,0.0
159,110,29.6675438,125.2628847,0.0
159,111,29.3994734,125.9656102,0.0
159,112,29.7714875,125.8095949,0.0
159,113,29.8060764,125.1486619,0.0
159,114,29.7521337,125.7566514,0.0
159,115,29.3313621,125.7375997,0.0
159,116,30.3166978,125.712452,0.0
159,117,29.9331233,125.7868467,0.0
159,118,30.0468397,126.0873358,0.0
159,119,29.7298945,126.0987486,0.0
159,120,29.3469009,125.7461212,0.0
159,121,31.0018502,135.3057151,0.0
167,72,106.0396086,54.2017892,0.0
167,73,106.1293769,53.1554886,0.0
167,74,106.04671,54.2309469,0.0
180,79,92.7394556,133.2225162,0.0
180,80,92.1580755,133.1371032,0.0
180,81,92.6882001,132.958172,0.0
180,82,92.774811,133.1948806,0.0
180,83,92.1778911,133.9146789,0.0
180,84,92.9870607,133.8973432,0.0
180,85,92.2419355,133.4279869,0.0
180,86,92.3179482,133.8583678,0.0
181,79,81.1031545,120.6815701,0.0
181,80,80.6436627,120.1500519,0.0
181,81,80.8911066,120.7195348,0.0
190,83,106.0453331,54.1491407,0.0
190,84,106.9321675,53.4065594,0.0
190,85,105.2959144,53.918936,0.0
190,86,105.6677215,54.0715224,0.0
190,87,105.9088991,53.9102127,0.0
190,88,106.0309023,53.4910973,0.0
190,89,106.9047424,54.0657879,0.0
191,83,31.4062966,134.8579542,0.0
191,84,31.3380847,134.6611526,0.0
191,86,32.762307,134.8973986,0.0
191,87,32.2919451,134.6562421,0.0
191,88,32.7662238,134.0661839,0.0
191,89,32.6037176,134.9702152,0.0
191,90,31.8991227,134.7241943,0.0
191,91,31.8479378,134.2994944,0.0
191,92,32.1068154,134.1658085,0.0
191,93,33.0855483,134.9766401,0.0
191,94,33.1344082,135.0370368,0.0
197,88,70.2909147,105.8817545,0.0
197,89,71.0049636,106.1129585,0.0
197,90,71.2365984,106.2662279,0.0
197,91,71.0970701,106.3069847,0.0
197,92,71.0354839,106.5814668,0.0
197,93,71.3546547,106.4227849,0.0
197,94,71.0090406,106.4309015,0.0
197,95,70.9714769,106.59153,0.0
197,96,71.0207834,105.9044382,0.0
197,97,71.0180531,105.7554783,0.0
197,98,71.069554,106.1962144,0.0
197,99,71.7113079,106.7823905,0.0
197,100,71.8471004,106.4704986,0.0
197,101,72.349846,107.26933,0.0
198,89,102.5026305,147.5502441,0.0
198,90,102.4663037,147.6010292,0.0
198,91,102.9025892,147.5366018,0.0
198,92,103.0415375,147.313476,0.0
198,93,102.9074217,146.8843747,0.0
198,94,102.1530129,147.3131818,0.0
198,95,101.9943858,147.037225,0.0
198,96,102.8006019,146.7407462,0.0
198,97,102.6661992,147.3307127,0.0
198,98,102.7058648,147.4000181,0.0
198,99,102.5651476,147.1742465,0.0
198,100,102.6812824,146.7299228,0.0
204,92,90.0658036,27.5564367,0.0
204,93,84.4141109,32.3515628,0.0
204,94,81.9365974,33.2022816,0.0
210,95,70.0343038,96.9601897,0.0
210,96,69.9930198,97.2674465,0.0
210,97,69.9618219,97.5239492,0.0
210,98,70.3161822,97.2606112,0.0
211,95,71.0714067,28.2781143,0.0
211,96,73.2839771,24.9952936,0.0
211,97,72.1333298,22.2031752,0.0
226,103,32.2762416,135.0436634,0.0
226,104,32.4436434,135.0438567,0.0
226,105,32.4611829,134.8018626,0.0
226,107,32.6308448,134.7248141,0.0
226,108,32.9796544,134.7203927,0.0
226,109,33.0285503,134.2069564,0.0
226,110,33.2524544,134.9969828,0.0
226,113,33.2502478,134.9761935,0.0
226,114,32.7966897,134.5880891,0.0
226,116,32.5363207,134.3336274,0.0
226,117,31.8323726,134.9483232,0.0
226,118,32.061238,134.7941615,0.0
226,119,31.8011272,134.2198317,0.0
227,103,92.6656086,133.2027369,0.0
227,104,92.6976251,133.2418568,0.0
227,105,92.3101526,132.9923853,0.0
227,106,92.2041695,133.409348,0.0
227,108,92.9570649,133.1120049,0.0
234,106,99.1084602,31.924298,0.0
234,107,99.0366768,32.2387788,0.0
234,109,99.8811786,32.2216639,0.0
234,112,99.2647179,32.338159,0.0
234,113,99.7336073,31.3952622,0.0
235,107,71.9380674,106.0963206,0.0
235,108,72.9235565,106.7874203,0.0
235,109,71.5954999,106.9256848,0.0
235,110,71.1774692,106.6445233,0.0
235,112,70.6688513,106.8832493,0.0
235,113,71.7483262,106.5570935,0.0
235,114,71.6122267,106.7319375,0.0
235,115,66.9251424,110.8311104,0.0
235,116,68.2504049,110.5902403,0.0
235,117,70.9927967,106.1323881,0.0
235,118,70.8549471,105.7036486,0.0
235,119,71.1283848,105.8844368,0.0
235,120,71.0904429,106.3719683,0.0
235,122,71.702895,106.185826,0.0
235,123,70.8923029,106.7043061,0.0
235,124,71.6956605,106.0892174,0.0
235,125,71.1256841,105.9967028,0.0
235,126,70.9973322,106.0622132,0.0
235,127,70.4647938,105.8940617,0.0
235,128,71.0259988,106.7064671,0.0
241,110,117.360962,44.274065,0.0
241,112,117.7964426,44.0718629,0.0
241,113,117.7329722,43.6940501,0.0
241,114,118.1130127,44.0905993,0.0
241,115,117.8188192,43.856737,0.0
241,116,117.8569604,44.1713373,0.0
241,117,117.8267908,44.3292184,0.0
241,118,118.0554548,44.1001082,0.0
241,120,117.9064156,43.3680413,0.0
251,119,123.7730926,55.0015445,0.0
251,120,124.0110043,54.9372097,0.0
251,121,123.9184904,54.7040058,0.0
251,122,123.7154751,54.6312291,0.0
251,123,123.6724234,55.1061117,0.0
251,124,124.0692133,54.957198,0.0
251,125,123.7625649,55.0609628,0.0
251,126,123.2655881,54.9882092,0.0
251,127,123.223515,54.753094,0.0
251,128,123.7125103,54.3471044,0.0
251,129,123.681673,54.1303967,0.0
251,130,123.7941789,54.7182021,0.0
251,131,123.8453814,54.3083695,0.0
251,132,123.3007225,54.8392044,0.0
251,133,123.6838923,55.1275187,0.0
251,134,123.3192234,54.9471305,0.0
251,135,123.8390751,55.4024735,0.0
251,136,123.7727072,54.8885121,0.0
251,137,123.339813,54.969791,0.0
251,138,123.1289838,55.1829226,0.0
251,139,123.4559623,55.1600327,0.0
251,140,123.7320467,55.0879232,0.0
251,141,123.4014871,55.4636439,0.0
251,142,123.7069691,55.3130106,0.0
251,143,123.5676326,55.5996723,0.0
251,144,123.0746729,55.7736499,0.0
251,145,123.2119059,55.6592588,0.0
251,146,122.8088398,55.2495036,0.0
251,147,123.3375034,55.8163362,0.0
251,148,123.1599624,56.0201331,0.0
251,149,122.947834,55.8192154,0.0
251,150,123.6496611,55.7402809,0.0
251,151,122.972662,55.7519287,0.0
251,152,123.19933,55.5597315,0.0
251,153,123.0108089,55.4933225,0.0
251,154,123.0698782,55.3244961,0.0
251,155,123.1817784,55.943734,0.0
251,156,122.9598316,55.3951841,0.0
251,157,122.9142133,55.8064506,0.0
251,158,122.7705687,55.59882,0.0
251,159,123.116181,55.2258456,0.0
251,160,122.8393859,55.1428032,0.0
251,161,123.0753803,55.0033869,0.0
251,162,122.9702238,55.3679625,0.0
251,163,122.9136234,55.1358056,0.0
251,164,122.5256683,55.7222554,0.0
251,165,122.2890042,55.7171307,0.0
251,166,122.7661447,55.7256263,0.0
251,167,122.7530637,55.8681644,0.0
251,168,122.0523456,55.7831242,0.0
251,169,123.0099169,55.3112058,0.0
251,170,122.8632175,55.5767163,0.0
251,171,123.0777298,55.8802272,0.0
251,172,122.7000707,55.8226789,0.0
251,173,122.4858088,56.030898,0.0
251,174,122.7532576,55.6783901,0.0
251,175,122.9995558,55.8553959,0.0
251,176,123.6016404,55.9402918,0.0
251,177,123.1329463,55.8797224,0.0
251,178,122.9353568,56.0774412,0.0
251,179,123.4247922,55.3358295,0.0
251,180,123.2095071,55.6445413,0.0
251,181,123.0466396,56.1228505,0.0
251,182,123.184196,55.9817638,0.0
251,183,123.3309759,56.2963608,0.0
251,184,123.1330905,56.368282,0.0
251,185,122.8212906,56.3458374,0.0
251,186,122.8401566,56.192077,0.0
251,187,123.0995066,56.5605407,0.0
251,188,123.3177051,56.3434177,0.0
251,189,123.7093505,56.8517302,0.0
251,190,123.7257127,56.3546746,0.0
251,191,123.6519982,56.3442551,0.0
251,192,123.8446613,56.3283091,0.0
251,193,123.7680694,56.0335386,0.0
251,194,123.8366777,56.9972142,0.0
251,195,124.130866,57.1362599,0.0
251,196,124.4269688,56.2285462,0.0
251,197,124.0443002,56.1759516,0.0
251,198,124.138855,56.2296917,0.0
251,199,124.0068757,56.4802868,0.0
251,200,124.5224554,56.5655115,0.0
251,201,123.9876671,56.1265938,0.0
251,202,123.0858725,56.0541048,0.0
251,203,123.6687957,55.3689003,0.0
251,204,123.7977227,56.0153617,0.0
251,205,123.6208369,55.9448828,0.0
251,206,123.6294754,55.7777036,0.0
251,207,123.6327881,55.8617153,0.0
251,208,123.6140702,55.8815009,0.0
251,209,123.4685351,56.010049,0.0
251,210,123.8110724,55.7635401,0.0
251,211,123.1958075,55.2906733,0.0
251,212,123.3165175,55.6798161,0.0
251,213,123.0775612,55.9047677,0.0
251,214,123.1437588,55.7085859,0.0
251,215,123.333922,55.0999504,0.0
251,216,123.0893149,55.0628874,0.0
251,217,123.4172154,55.3951399,0.0
251,218,123.2912388,55.7785174,0.0
251,219,123.1448563,55.5057226,0.0
251,220,123.2091177,55.1288409,0.0
251,221,123.2766962,55.0666545,0.0
251,222,123.4111475,55.5798425,0.0
251,223,123.8399206,55.3335307,0.0
251,224,123.2147349,54.9784022,0.0
251,225,123.7093088,55.4330612,0.0
251,226,123.8440313,55.3222026,0.0
251,227,123.15577,55.2333606,0.0
251,228,122.9870974,55.1920681,0.0
251,229,123.0151755,55.4317052,0.0
251,230,123.0573383,55.2067669,0.0
251,231,123.2971424,55.4815485,0.0
251,232,123.2395329,55.2673115,0.0
251,233,122.842542,55.1952282,0.0
251,234,123.0330686,55.2955376,0.0
251,235,122.7865151,55.305777,0.0
251,236,122.9145476,55.2246054,0.0
251,237,123.1707712,55.0699622,0.0
251,238,122.8549584,55.1156114,0.0
251,239,123.0453449,55.3793001,0.0
251,240,122.8943831,55.2550397,0.0
251,241,123.0054497,55.7943655,0.0
251,242,122.8320471,54.9893426,0.0
251,243,122.5991581,55.2464029,0.0
251,244,122.9213458,55.1147129,0.0
251,245,123.079895,54.9587742,0.0
251,246,123.2901357,54.8627648,0.0
251,247,123.2179773,55.2946707,0.0
252,118,65.2103887,113.1068631,0.0
252,119,61.9993934,116.3036013,0.0
252,120,60.0906065,116.4179454,0.0
257,122,126.0911611,91.9514043,0.0
257,123,125.6750359,92.7889083,0.0
257,124,125.8812741,92.8758015,0.0
257,125,125.8652189,92.3096046,0.0
257,127,125.9223072,92.2892021,0.0
257,128,126.1376025,92.7790732,0.0
258,122,68.1761207,90.3242632,0.0
258,123,67.0888203,91.7904747,0.0
258,124,67.8541501,91.0961805,0.0
271,125,55.2309547,36.7304172,0.0
271,126,55.4293752,36.9225998,0.0
271,127,55.5525579,37.1425266,0.0
271,128,55.7832383,36.8174236,0.0
271,129,55.9578409,36.9111953,0.0
271,130,55.9721125,36.6795915,0.0
271,131,55.972392,37.0365563,0.0
271,133,55.9075923,36.9215169,0.0
271,134,55.9901768,37.0347671,0.0
271,135,56.5346764,36.9461799,0.0
271,136,55.9876397,37.1587423,0.0
271,137,55.9408447,36.4263592,0.0
271,140,56.0836411,37.1135098,0.0
271,143,56.6656893,36.4217753,0.0
271,145,56.0679167,37.2218221,0.0
271,147,55.6379539,36.8957352,0.0
271,148,55.888922,36.861864,0.0
271,150,56.0793425,37.6680321,0.0
272,125,32.2610487,135.86289,0.0
272,127,32.3334092,135.1482404,0.0
272,129,32.5125665,134.6738802,0.0
272,130,32.660953,134.819888,0.0
272,131,32.7750416,134.7839146,0.0
273,125,117.2078812,43.8440109,0.0
273,127,117.9756001,44.1224191,0.0
273,129,117.973041,43.918196,0.0
274,125,31.6933985,59.7384413,0.0
274,127,31.6074616,59.7597889,0.0
274,128,31.9526904,60.3966752,0.0
274,130,31.7419569,60.058263,0.0
274,133,31.9874224,59.7985367,0.0
282,130,88.1684142,75.9339701,0.0
282,131,88.0524752,75.8568401,0.0
282,132,88.1288752,75.4182162,0.0
282,133,88.3222798,75.4049714,0.0
282,134,87.9765922,75.258993,0.0
282,135,88.1352412,74.9422569,0.0
282,136,88.1986485,75.1035801,0.0
282,137,88.2983887,75.0532177,0.0
282,138,88.5874223,74.2700032,0.0
282,139,88.125521,73.2840891,0.0
282,140,87.6599165,72.3180072,0.0
282,142,88.5068602,72.2711898,0.0
282,143,88.7212031,72.7070733,0.0
282,144,89.0594925,72.3066907,0.0
282,145,89.4906631,72.542582,0.0
282,146,89.6124299,72.6544995,0.0
282,147,90.6028001,72.904571,0.0
282,148,91.2049098,73.1703362,0.0
282,149,91.491983,73.6193277,0.0
282,150,92.3334028,74.5980736,0.0
282,151,93.2612299,74.1428478,0.0
282,152,93.1977763,74.2701403,0.0
282,153,93.9775429,74.26847,0.0
282,154,93.8075281,74.1603982,0.0
282,155,93.9856925,73.947424,0.0
282,156,94.5351846,73.7272211,0.0
282,157,94.2188824,73.7420153,0.0
282,158,94.3020192,73.8644042,0.0
282,159,94.0263127,73.5142496,0.0
282,160,94.6375116,73.6520645,0.0
282,161,95.2171585,73.6788533,0.0
282,162,95.1728612,74.1343284,0.0
282,163,94.7590738,74.022208,0.0
282,164,95.1641069,74.7628953,0.0
282,165,95.0123802,74.8307498,0.0
282,166,94.8061298,74.2510828,0.0
282,167,95.9931738,74.52836,0.0
282,168,96.6710738,74.9165828,0.0
282,169,96.8038524,74.2912404,0.0
282,170,96.2749542,74.422918,0.0
282,171,96.2993212,74.29792,0.0
282,172,98.0263235,73.7930305,0.0
282,173,98.587694,73.7216152,0.0
282,174,98.3808248,73.5388582,0.0
282,175,98.3479344,73.3451829,0.0
282,176,98.7123442,73.3300573,0.0
282,177,98.7716106,73.362707,0.0
282,178,98.9482393,73.6040803,0.0
282,179,99.5643374,73.8782014,0.0
282,180,99.0916182,73.7949941,0.0
282,181,99.7742356,74.7651057,0.0
299,137,89.0460472,34.0953128,0.0
299,138,89.0214936,34.3229016,0.0
299,139,89.1471736,34.0945425,0.0
299,140,88.9204333,34.1130661,0.0
299,141,89.2143202,34.4566586,0.0
300,137,32.0404282,59.7781693,0.0
300,138,33.1032872,59.7240077,0.0
300,141,30.8683504,58.9338229,0.0
300,142,31.2349322,59.3721513,0.0
300,144,31.1663893,60.0139763,0.0
300,145,31.2673054,59.251063,0.0
300,146,31.2212091,59.6813049,0.0
300,147,31.165197,59.1460961,0.0
301,138,126.1550562,92.9796175,0.0
301,139,127.569619,91.9555676,0.0
301,141,126.0273513,92.7596225,0.0
312,146,99.9798208,31.9257969,0.0
312,147,99.1732953,32.3220894,0.0
312,149,89.8621136,33.8068158,0.0
312,150,99.0039517,32.0441943,0.0
312,151,99.7770441,31.9060177,0.0
312,152,99.9613111,32.2453668,0.0
312,155,99.2734372,32.5488835,0.0
312,156,99.0885183,31.8548586,0.0
312,157,99.8992533,31.3624856,0.0
312,158,99.1652306,32.0176868,0.0
312,159,99.7203373,31.9738291,0.0
312,161,99.9386232,31.9264678,0.0
312,162,99.858228,32.0193041,0.0
312,165,100.2181313,31.3866589,0.0
312,166,100.1294202,32.2427062,0.0
312,167,99.9856211,32.0992397,0.0
332,153,38.6767505,45.0020402,0.0
332,154,38.3150066,45.1790737,0.0
332,155,38.3161965,45.6652615,0.0
332,156,38.0686351,45.8442939,0.0
332,157,38.075581,45.1902394,0.0
333,153,28.9120756,120.3159466,0.0
333,154,28.2628323,120.0534845,0.0
333,155,28.817559,120.4645937,0.0
333,156,29.1169395,120.2063692,0.0
333,157,29.0786881,120.7496755,0.0
333,158,29.3244941,120.3850668,0.0
333,159,29.2458041,120.4020411,0.0
333,160,28.8886294,120.4274473,0.0
333,161,29.3992184,121.0663939,0.0
333,162,29.4608549,120.8607709,0.0
333,163,28.6233658,121.0568185,0.0
333,164,29.1921573,120.649788,0.0
333,165,38.200316,120.2838998,0.0
333,167,38.5236514,120.3897629,0.0
334,153,31.8062011,59.9451691,0.0
334,154,31.3618741,59.7559167,0.0
334,155,31.2380626,60.0032357,0.0
348,158,56.0701517,36.8488361,0.0
348,159,56.3120129,36.3193079,0.0
348,160,56.0360183,36.0315158,0.0
348,162,55.390076,36.5614185,0.0
348,163,56.2560111,36.0439976,0.0
349,158,83.9532952,74.5837213,0.0
349,159,84.6591409,74.9224396,0.0
349,160,83.9982571,75.3867597,0.0
349,161,83.7917967,75.0812663,0.0
349,162,84.2104916,74.9583379,0.0
349,163,84.6961278,75.0219358,0.0
349,164,84.3537,75.915868,0.0
349,165,85.6613866,75.9393383,0.0
349,166,85.599301,76.0264013,0.0
349,167,85.0936843,76.1317614,0.0
349,168,85.2276122,76.620985,0.0
349,169,86.7955594,76.7195628,0.0
349,170,86.1433254,76.5721335,0.0
349,171,85.4492108,76.0340934,0.0
349,172,85.0894558,76.1859957,0.0
361,161,92.0414736,134.0743368,0.0
361,162,92.1834416,133.6519551,0.0
361,163,92.2230077,133.9124658,0.0
361,164,92.9636532,133.9200105,0.0
362,161,116.9446662,66.8305166,0.0
362,162,115.7189117,66.3509522,0.0
362,163,115.0583978,65.8936083,0.0
367,165,56.9494411,48.0300194,0.0
367,166,56.5818808,48.0815015,0.0
367,167,56.6405607,48.1156879,0.0
367,168,56.2083461,48.146682,0.0
367,169,56.0505668,48.2794269,0.0
367,170,56.0976527,48.7914249,0.0
367,171,56.6660679,48.8237694,0.0
367,172,56.9479359,48.9092223,0.0
367,173,56.9206931,49.1454801,0.0
367,174,56.9013197,48.9712412,0.0
367,175,56.2300194,48.1655676,0.0
367,176,56.7336329,48.0916884,0.0
367,177,56.7731191,48.2961517,0.0
367,178,56.68799,47.9687738,0.0
367,179,56.2501373,48.2459284,0.0
367,180,56.7269515,49.026432,0.0
367,181,56.3655689,48.7227195,0.0
367,182,56.3114477,48.569177,0.0
367,183,55.8767715,48.7523614,0.0
367,184,55.7885326,48.8657644,0.0
367,185,56.1139183,49.1849061,0.0
367,186,56.3641216,48.6409583,0.0
367,187,56.0522183,49.0775716,0.0
367,188,55.2544938,49.4046926,0.0
367,189,56.1418574,48.8980787,0.0
367,190,56.7720445,48.4038391,0.0
367,191,56.4894905,48.9792278,0.0
367,192,56.3367336,49.2263637,0.0
367,193,56.7204719,49.1631857,0.0
367,194,57.3606016,48.9299455,0.0
367,195,56.8045765,49.1895916,0.0
367,196,56.5774305,48.9100638,0.0
367,197,56.1595598,48.7928663,0.0
367,198,56.7500976,49.1490138,0.0
367,199,56.8249295,48.9199434,0.0
367,200,57.3116553,48.2108316,0.0
367,201,57.0057782,48.8652923,0.0
367,202,57.6394726,48.9992669,0.0
367,203,57.4224965,48.9655347,0.0
367,204,57.4245805,48.7006964,0.0
367,205,56.879504,48.3376606,0.0
367,206,57.3043309,48.9788691,0.0
367,207,57.744484,48.8995192,0.0
367,208,57.7776427,48.9059142,0.0
367,209,57.1591965,49.0814466,0.0
367,210,56.9438041,49.2918136,0.0
367,211,55.9817891,48.9688643,0.0
367,212,56.1146045,49.0174787,0.0
367,213,56.4670894,48.9792667,0.0
367,214,56.5870549,48.78545,0.0
367,215,57.7536994,48.212635,0.0
367,216,57.899613,48.0087044,0.0
378,168,71.2131617,105.6590064,0.0
378,169,70.6535779,105.2727133,0.0
378,170,70.9291265,105.2210559,0.0
378,171,71.1185322,105.8189512,0.0
378,172,71.1908234,105.3247936,0.0
378,173,70.8689496,105.9344467,0.0
378,174,70.8103339,105.4951403,0.0
378,175,71.085467,105.7746169,0.0
378,176,70.8402963,105.7301816,0.0
378,177,70.8665456,105.7863821,0.0
378,178,70.5203613,105.7482319,0.0
378,179,70.4060683,105.3539643,0.0
378,180,71.4429253,105.8295983,0.0
378,181,70.765018,105.7190073,0.0
378,182,71.0461119,105.759129,0.0
378,183,70.8094376,105.6861862,0.0
378,184,70.8835215,105.8979277,0.0
378,185,70.7840155,105.3117699,0.0
378,186,70.2432367,105.5514913,0.0
378,188,70.2060606,105.2216185,0.0
378,189,71.0423321,106.1707142,0.0
378,190,70.780681,105.9248408,0.0
378,191,70.9975296,106.1632894,0.0
378,192,70.3683419,105.8545689,0.0
378,193,71.0467382,105.985497,0.0
378,194,70.6033839,105.7244631,0.0
378,195,71.0344472,106.3544488,0.0
378,196,71.4713223,106.083513,0.0
378,197,71.0556543,105.7238764,0.0
378,198,71.1780835,105.4443452,0.0
378,199,70.8641618,106.109827,0.0
378,200,70.997357,106.087751,0.0
378,202,70.7590709,106.0597789,0.0
378,203,70.8329164,105.8252127,0.0
378,204,71.1752003,105.7276179,0.0
378,205,70.7443784,105.5524139,0.0
378,206,70.744301,105.673401,0.0
378,207,70.7345205,105.875361,0.0
378,208,70.5775287,105.7541943,0.0
378,209,71.0482621,105.8537968,0.0
378,211,71.1248673,106.1321308,0.0
378,212,70.7544361,105.9831944,0.0
378,213,69.9951903,105.7165859,0.0
378,214,70.8018463,105.762868,0.0
378,215,70.325794,105.7904107,0.0
378,216,70.1033233,105.8633283,0.0
378,218,70.2314432,105.943609,0.0
378,219,70.0659485,106.0212857,0.0
378,220,70.805526,106.1709272,0.0
378,221,70.9882765,106.0857236,0.0
378,222,71.69742,106.656324,0.0
378,223,71.1156289,105.7346994,0.0
378,224,71.0216863,105.8985479,0.0
378,225,70.967866,106.1289088,0.0
378,227,71.8084211,105.9316021,0.0
378,228,71.4431635,105.996969,0.0
378,229,70.9541509,105.9078653,0.0
378,230,70.6457941,105.8915935,0.0
378,231,71.0121037,105.9296949,0.0
378,232,71.106206,105.9760417,0.0
378,233,71.0049699,105.8685913,0.0
378,234,71.73126,106.6022313,0.0
378,235,70.978383,106.0226014,0.0
378,236,71.0874876,106.1548472,0.0
378,237,70.8870537,105.6406288,0.0
378,238,71.6404971,106.408494,0.0
379,168,92.5042937,133.0600105,0.0
379,169,92.407715,133.0702303,0.0
379,172,93.1131811,133.8389682,0.0
379,173,92.864422,133.2498763,0.0
379,174,92.8151006,133.1628596,0.0
379,176,92.8005601,133.0533977,0.0
379,177,92.8954499,133.1477332,0.0
379,179,92.6996448,133.9605907,0.0
379,181,93.034275,133.1521025,0.0
380,170,89.4791962,33.959587,0.0
380,171,89.6634094,34.0146415,0.0
380,172,89.890086,31.2196321,0.0
380,176,89.27563,34.0279294,0.0
380,177,89.1124833,34.2316297,0.0
390,173,56.1333749,35.9966757,0.0
390,174,56.737397,36.234742,0.0
390,175,57.0451148,36.7830134,0.0
390,176,56.7529243,36.5153249,0.0
390,177,57.6014734,36.9055891,0.0
390,178,56.8411307,37.0104533,0.0
390,181,56.4611322,36.2664805,0.0
390,182,57.108252,36.9050572,0.0
390,183,56.7114519,36.2128521,0.0
390,185,56.0316072,36.211017,0.0
390,186,56.8196168,36.2978252,0.0
391,173,125.4256911,91.9898259,0.0
391,174,125.694832,92.9824465,0.0
391,176,125.7321031,92.1697314,0.0
391,177,125.7611496,92.2415731,0.0
391,180,125.0999442,92.2207519,0.0
391,181,126.0351821,92.1111057,0.0
391,182,125.94409,92.7865922,0.0
391,183,125.9737696,92.2431698,0.0
391,185,125.9380928,91.9414946,0.0
391,188,125.2314265,91.7584591,0.0
391,189,125.2372077,91.3625166,0.0
391,190,125.5964064,92.2106975,0.0
391,192,126.0361525,92.205514,0.0
391,194,125.7984079,92.0594714,0.0
391,196,125.9912786,92.6202437,0.0
391,198,125.7740487,92.2914134,0.0
391,200,126.1395085,93.0243025,0.0
391,201,126.0911741,92.7268678,0.0
391,202,125.9728683,92.0549804,0.0
391,203,125.7599928,92.8361868,0.0
410,188,62.8167278,71.3003208,0.0
410,189,63.2106729,71.6996062,0.0
410,190,63.2245238,71.157885,0.0
410,191,63.2154058,70.98488,0.0
410,192,63.2202989,71.0564491,0.0
410,193,62.8276062,71.0358354,0.0
410,194,63.2773982,71.2347718,0.0
410,195,63.2679791,71.0252348,0.0
410,196,62.9174842,71.0420084,0.0
410,197,63.1947661,70.3124898,0.0
410,198,63.1367534,70.8515785,0.0
410,199,63.454786,71.0583602,0.0
410,200,63.8030562,71.1258677,0.0
410,201,63.8002062,70.8967617,0.0
410,202,63.6574056,71.1609962,0.0
410,203,63.7673441,71.5669643,0.0
410,204,63.1792084,71.0050785,0.0
410,205,63.0510145,70.7347215,0.0
410,206,63.0324428,70.9140897,0.0
410,207,63.8405749,71.0516691,0.0
423,191,71.2479219,45.6954831,0.0
423,192,72.0219374,45.8442597,0.0
423,193,71.9287584,45.9153127,0.0
423,194,71.1803904,45.8779531,0.0
423,195,72.1983432,46.0233767,0.0
423,196,71.6693459,45.9367846,0.0
423,197,71.4427324,46.0205096,0.0
423,198,71.1591583,45.8272282,0.0
423,199,71.0700081,46.1048912,0.0
423,200,71.1793529,45.7912318,0.0
423,201,71.2555876,45.3082967,0.0
423,202,70.8342205,45.2195871,0.0
423,203,70.8871046,45.5089231,0.0
423,204,71.7009748,45.0355915,0.0
423,205,71.1432648,45.3432732,0.0
423,206,71.2018992,45.9675153,0.0
423,207,71.1020874,46.2118962,0.0
423,209,71.0151723,45.9753787,0.0
423,210,71.1338379,45.9726907,0.0
423,211,70.3966111,46.1149613,0.0
423,212,70.7696592,46.0745982,0.0
423,213,70.924063,46.6634294,0.0
423,214,71.0788659,46.6321578,0.0
423,215,70.8643402,46.209798,0.0
423,216,70.8767756,46.0379602,0.0
423,217,70.8926008,46.0913411,0.0
423,218,71.167631,46.1192261,0.0
423,219,70.9916558,46.4729463,0.0
423,220,71.3808398,46.6879484,0.0
423,221,71.0957175,46.161448,0.0
423,222,71.755814,46.5464396,0.0
423,223,71.648655,45.7243379,0.0
423,224,71.9967799,45.803208,0.0
423,225,71.2481364,44.9044143,0.0
423,226,71.1895088,45.9062402,0.0
423,228,70.9098636,45.7564122,0.0
423,229,70.4602131,46.0899073,0.0
423,230,70.9680563,45.7978805,0.0
423,231,71.044996,45.6646903,0.0
423,232,71.6056027,45.1500674,0.0
423,233,72.055975,45.8828769,0.0
423,234,71.7188194,45.1589464,0.0
423,235,71.8620286,45.6017701,0.0
423,236,71.1836397,45.3205126,0.0
423,237,71.0598818,46.0742517,0.0
423,238,70.7207971,46.1449185,0.0
423,239,70.9677383,45.3546463,0.0
423,240,70.9693805,45.7952022,0.0
423,241,70.8017907,45.6948315,0.0
423,242,70.9300233,46.0024242,0.0
423,243,70.9206755,45.7449768,0.0
423,245,70.8819074,46.0527546,0.0
423,246,71.1359352,45.8699192,0.0
423,247,71.7059453,45.9008325,0.0
424,191,90.8582948,116.1680734,0.0
424,192,90.7830506,116.4445985,0.0
424,194,90.1098669,116.8944312,0.0
424,195,89.9557289,116.1423956,0.0
425,191,63.3358193,29.9447752,0.0
425,192,56.3366363,36.1577294,0.0
425,193,56.2446964,36.837808,0.0
425,194,56.187384,36.7279782,0.0
426,191,92.8188323,133.6042336,0.0
426,194,93.1449786,133.3057589,0.0
426,195,92.2338326,133.1904058,0.0
426,196,92.9815606,134.1655575,0.0
426,198,93.0846958,133.5963246,0.0
426,199,93.1623625,133.8434884,0.0
426,200,92.9141706,133.6430065,0.0
426,201,93.1367662,133.1607562,0.0
426,202,92.8775307,133.0597512,0.0
427,191,99.3166788,31.4342785,0.0
427,194,89.9000164,34.5469578,0.0
427,195,89.0059232,33.9928624,0.0
447,200,79.4694916,127.6169058,0.0
447,201,79.1045678,127.6696766,0.0
447,202,79.752828,127.7800142,0.0
447,203,79.3163634,127.7086153,0.0
447,204,79.2164041,127.4214429,0.0
447,205,79.3147045,127.7125747,0.0
447,206,79.6922227,127.9410565,0.0
447,207,79.9546495,127.6526868,0.0
447,208,79.192389,127.1816285,0.0
447,209,79.3505434,127.6139033,0.0
447,210,79.7479061,127.1618854,0.0
447,211,79.2292506,127.7067011,0.0
447,212,79.416818,127.1024502,0.0
447,213,78.9851534,127.0581738,0.0
447,214,79.6058901,126.9313763,0.0
447,215,79.4149312,126.9528066,0.0
447,216,79.7596127,127.2934959,0.0
447,217,79.1863186,127.2365146,0.0
447,218,79.3432237,127.1080271,0.0
447,219,79.443399,126.950882,0.0
447,220,79.8603906,127.6716395,0.0
447,221,79.2578802,127.2334054,0.0
447,222,79.2809834,127.6864354,0.0
447,223,79.3253361,127.0840558,0.0
447,224,79.3031304,127.041054,0.0
447,225,79.6768823,126.664997,0.0
447,226,79.4635739,126.8744921,0.0
447,227,79.8572249,127.055848,0.0
447,228,79.4108112,126.9583194,0.0
447,229,79.6212109,127.1418863,0.0
447,230,79.7083754,127.277266,0.0
447,231,79.7834052,127.0559502,0.0
447,232,79.2701363,127.1048901,0.0
447,233,79.1351655,127.2509294,0.0
447,234,79.8354645,126.975932,0.0
447,235,79.6966947,126.9895976,0.0
447,236,79.3368551,127.7662494,0.0
447,237,79.8031806,127.1260864,0.0
447,238,79.1694419,127.0512768,0.0
447,239,79.7530637,127.0351514,0.0
447,240,79.6418995,127.0430665,0.0
447,241,80.1538396,127.0624706,0.0
447,242,80.186341,127.7208638,0.0
447,243,79.8531717,126.9949339,0.0
447,244,79.7371993,127.066569,0.0
447,245,79.735848,127.7337851,0.0
447,246,79.7868828,127.709445,0.0
447,247,79.296528,127.7180016,0.0
448,200,91.9223882,116.8775106,0.0
448,201,91.9208307,117.6297351,0.0
448,202,89.3029321,116.9093385,0.0
448,203,88.1476097,115.2512971,0.0
448,204,91.8218907,117.0154313,0.0
448,205,91.5545218,116.8991625,0.0
449,200,39.0946446,120.1605748,0.0
449,201,38.9798323,119.9015806,0.0
449,203,38.44472,119.919667,0.0
473,211,98.0251673,81.2591169,0.0
473,212,98.8870929,81.927381,0.0
473,213,98.7728372,81.8274261,0.0
473,214,98.8580193,81.712779,0.0
473,215,98.1170041,80.5631432,0.0
473,216,98.1411235,81.2860901,0.0
474,212,126.0313032,92.0555296,0.0
474,213,125.8025801,92.6743381,0.0
474,214,125.9684864,92.575115,0.0
475,212,89.9479077,116.70174,0.0
475,213,89.9104892,116.1300174,0.0
475,214,89.9777723,116.0454165,0.0
475,215,90.8950985,115.9315767,0.0
475,216,92.6076382,116.1157267,0.0
475,217,91.9055617,116.8181019,0.0
475,218,92.6189901,115.8924446,0.0
475,219,90.1269235,115.2668006,0.0
484,215,64.7024982,142.221638,0.0
484,216,64.8963278,142.2940141,0.0
484,218,57.3413274,138.8880158,0.0
484,219,57.8506509,138.8146503,0.0
484,220,57.9645778,138.8301837,0.0
484,221,57.6556677,139.0197714,0.0
484,222,58.0343183,138.9353396,0.0
484,223,57.3863487,139.0646834,0.0
484,224,57.7719783,139.1957976,0.0
484,225,57.6675395,139.0947912,0.0
484,226,57.418422,139.1501668,0.0
484,227,57.9569642,139.1292919,0.0
484,228,57.1838091,139.3676952,0.0
484,229,57.3920374,139.1138858,0.0
484,230,57.3894099,138.828993,0.0
484,231,57.933991,138.8355015,0.0
484,232,57.8297793,139.1215047,0.0
484,233,58.1678039,138.9898874,0.0
484,234,58.1292698,138.7119603,0.0
484,235,58.0334573,139.232514,0.0
484,236,58.3772729,139.4081199,0.0
484,237,58.0753029,139.7287906,0.0
484,238,57.9424694,139.0236272,0.0
484,239,57.8883244,139.1684404,0.0
484,240,58.193917,139.6210533,0.0
484,241,58.1497301,139.7720393,0.0
484,242,58.9276864,139.3941598,0.0
484,243,58.9102832,139.4333542,0.0
484,244,58.516091,139.5588597,0.0
484,245,58.7527511,139.3609682,0.0
484,246,58.486253,139.1530538,0.0
484,247,58.5574281,139.6589343,0.0
485,217,105.3145913,52.1269686,0.0
485,218,104.1021848,52.0855539,0.0
485,219,102.4216314,50.1681892,0.0
485,220,101.7965832,51.1323008,0.0
485,221,101.9798439,51.2988172,0.0
511,222,97.9470451,150.2825078,0.0
511,223,98.0817548,150.3297424,0.0
511,224,98.3617588,150.2814902,0.0
511,225,97.8530889,150.760214,0.0
511,226,98.1690402,150.6124804,0.0
511,227,98.4944174,150.7598337,0.0
511,228,97.7714791,150.5501892,0.0
511,229,97.6191708,150.3938089,0.0
511,230,97.8275532,151.0120971,0.0
511,231,97.9796108,150.3471915,0.0
511,232,97.7875217,150.7292885,0.0
511,233,97.8368687,150.6860015,0.0
511,234,98.1000013,150.7672172,0.0
511,235,97.9541877,151.4434393,0.0
511,236,97.7167458,151.0278969,0.0
511,237,97.9121378,150.3686762,0.0
511,238,97.9601335,150.6991834,0.0
511,239,97.9354185,150.3712496,0.0
511,240,97.7589353,150.4640203,0.0
511,241,98.1939712,150.1487662,0.0
511,242,97.984478,151.0052216,0.0
511,243,97.8560085,150.3191067,0.0
511,244,98.1356707,150.7888244,0.0
511,245,97.9537425,150.8492038,0.0
511,246,98.1490391,150.7791925,0.0
511,247,98.7496776,150.2966735,0.0
512,222,69.7964877,85.1138252,0.0
512,223,69.7035519,85.3309402,0.0
512,224,69.2950364,85.2267293,0.0
512,225,69.3995954,85.7532105,0.0
512,226,69.8057211,85.0397698,0.0
512,227,69.746804,85.0016457,0.0
512,228,69.2011769,84.887095,0.0
512,229,69.2021866,85.1870315,0.0
512,230,69.513123,85.0565689,0.0
512,231,69.8375296,84.7629301,0.0
512,232,69.6711388,85.2188194,0.0
512,233,69.9075173,85.138052,0.0
512,234,69.4298222,85.2236487,0.0
512,235,69.7165349,85.1648183,0.0
512,236,69.1441374,85.6708888,0.0
512,237,69.1079575,85.0717151,0.0
512,238,69.2262304,84.9553289,0.0
512,239,69.390011,84.9109175,0.0
512,240,69.3063517,85.0324015,0.0
512,241,69.1800762,85.1511333,0.0
512,242,69.4568736,85.2685359,0.0
512,243,69.0396923,85.2059294,0.0
512,244,68.8300347,85.0539652,0.0
512,245,69.0730642,84.9017737,0.0
512,246,69.212686,84.9256195,0.0
512,247,68.91169,84.972951,0.0
513,222,89.8067577,115.3565359,0.0
513,223,90.2106733,115.9287686,0.0
513,224,92.0070096,116.6275951,0.0
513,225,90.2110175,115.8782151,0.0
513,226,91.7743278,116.7835764,0.0
513,227,93.0037604,117.0030677,0.0
513,228,90.1241685,116.6516406,0.0
513,232,90.9563495,116.6445699,0.0
513,233,92.9487699,116.9945097,0.0
513,236,89.9589328,116.0892492,0.0
513,237,92.9161278,117.8732438,0.0
513,238,90.8509289,116.7699975,0.0
514,222,125.6231305,92.8151372,0.0
514,223,125.3716753,92.905767,0.0
514,224,125.6775388,92.1756351,0.0
514,226,125.7223348,92.0809613,0.0
514,227,125.0950585,93.1226935,0.0
514,229,125.8361615,93.1417672,0.0
514,231,126.1992294,93.0350077,0.0
514,233,126.0088594,92.8612654,0.0
514,234,125.6782926,93.0988629,0.0
514,235,125.2111617,93.1442457,0.0
514,237,125.4683236,92.9413813,0.0
515,222,99.0647552,32.0653377,0.0
515,223,99.9434561,31.8472962,0.0
515,225,99.8452306,32.352918,0.0
515,226,99.2959002,31.8510858,0.0
523,227,63.8883291,142.0664372,0.0
523,228,64.7170901,142.2502826,0.0
523,229,63.5679693,141.7449665,0.0
532,236,97.3073912,80.3688527,0.0
532,237,97.8589459,80.2763399,0.0
532,238,98.7418542,81.0800317,0.0
559,244,57.6880775,48.7305313,0.0
559,245,57.677087,48.8025145,0.0
559,246,58.1098649,48.0730406,0.0
559,247,57.3028529,48.7803255,0.0
